SMILES,label
CCCCCCCC(=O)O,0
CCCCCCCC=C,2
CCCCCCCC=O,2
CCCCCCCCCC,2
CCCCCCCCCCCCCCCCCCN(C)C,0
CS(=O)(=O)Cl,0
CC(C)(CO)N,0
CCC1(OCCO1)C,1
CC(=CCCC(C)(C=C)OC(=O)C1=CC=CC=C1)C,0
CCCCOP(=O)(OCCCC)OCCCC,0
CC(=C)C#N,1
C=CC(=C)Cl,1
C(=C(Cl)Cl)(Cl)Cl,0
CC1(C2CCC(=C)C1C2)C,2
C=CCOC(=O)C1=CC=CC=C1C(=O)OCC=C,0
COC(=O)C1=CC=CC=C1N,0
CCN(CC)C(=O)C1=CC=CC(=C1)C,0
CCC1=CC=CC=C1CC,2
COC1=CC=CC=C1C=O,0
COC1=CC(=C(C=C1)OC)OC,0
CCC(C)C1=CC=CC=C1,2
CCCCOC(=O)C1=CC=CC=C1,0
CCCCCCCC1CCCC1=O,0
CCC(C)CO,2
C1CCC(C1)Br,2
CCCCOC(=O)C(C)O,0
C1=CC=C(C(=C1)CO)O[C@H]2[C@@H]([C@H]([C@@H]([C@H](O2)CO)O)O)O,0
CC1=CCC(CC1)C(=C)C,2
C1=CC=C(C=C1)SC2=CC=CC=C2,0
CC(=O)OCC1=CC=CC=C1,0
C1=CC=C(C=C1)CC#N,0
CCOC(=O)C=C,1
CCOC(=O)/C=C\C(=O)OCC,0
CCCCC(=O)OCCC,2
CC(CCCC(C)C=O)CCC=C(C)C,0
CCCCOCCOC(=O)CCCCC(=O)OCCOCCCC,0
CCCCOC(=O)C=C,2
C(CO)N,0
CCOC(=O)C,1
CC(=CC(=O)C)C,2
CC1CNCC(O1)C,2
CCC1=CC(=CC=C1)CC,2
CCCCC(CC)COC(=O)/C=C\C(=O)OCC(CC)CCCC,0
CCCCCCC(=O)OCC=C,0
CNCCN(C)C,1
C1CC=CC1,1
CCCCCC(=O)O,0
C1CCOCC1,1
CCCCCCC,1
CCCNCCC,1
CCCCCCCCCCCCOC(=O)C(=C)C,0
CCCCCCOC(=O)C,2
CCCCOCCCC,2
CCCCCCCCCCCC(=O)O,0
CCCCCCCCCCS,0
COCCOCCOCCOCCOC,0
CCCCC(CC)C(=O)O,0
COC(OC)OC,1
COC1=CC=CC(=C1)O,0
CC(CCC=C(C)C)CCOC(=O)C,0
CC(=O)OC(C)(C)CC1=CC=CC=C1,0
CCC(C)CCC(C)(CC)O,0
C1CN1,1
C(CN)CO,0
C1OC2=CC=CC=C2O1,2
C1CC2C(C1)O2,1
C1CSC1,1
C1CCCC1,1
C1=COC=N1,1
C1=CSC=N1,1
C1CCCCCC1,1
C1CCCCCCC1,2
C(=O)C(=O)O,0
C(CS(=O)O)N,0
CC1=CC(=NO1)C,2
NN,2
CC(C)N1C(=O)C2=CC=CC=C2C1=O,0
C1[C@H]([C@H]([C@@H](C[C@@]1(C(=O)O)O)OC(=O)/C=C/C2=CC(=C(C=C2)O)O)O)O,0
C1(C(C(C(C(C1(F)F)(F)F)(F)F)(C(F)(F)F)F)(F)F)(C(F)(F)F)F,0
CC(=O)C1=CN=CC=C1,0
CC(=C)C(=O)OCC(F)(F)F,1
CCSCC,1
C(C(C(C(F)(F)F)(F)F)(F)F)(C(F)(F)F)(C(F)(F)F)F,0
C(C(C(C(F)(F)F)(F)F)(F)F)(C(C(F)(F)F)(F)F)(F)F,0
CC(=CCCC(=O)C)C,2
C1CS1,1
CC(=O)C(=O)C,1
CC1=CCCC(C1C=O)(C)C,0
CCOCOCC,1
CC/C=C\C/C=C\C/C=C\CCCCCCCC(=O)O,0
CC(C(C)(C)C)O,2
CC(C)C12CCC(O1)(CC2)C,2
CC1(C2CCC(O1)(CC2)C)C,2
CC1CCC2CC1C2(C)C,2
CC1=CC(=C(C(=C1)C)C=O)C,0
CC1=CC[C@@H]2[C@H](C1)C2(C)C,2
C1=COC=C1C=O,2
CC1=C(C=C(C=C1)C(C)C)O,0
C1CCCC(=O)CC1,2
C1CCC(=O)OCC1,0
CC(CCC=C(C)C)CC(=O)O,0
CCCCC(=O)CCCC,2
CC1=CCCC(C1)(C)C,2
C/C=C/CO,2
C1CSCN1,2
CC(C)CCCC(C)CCCC(C)CCCC(C)(C=C)O,0
CCC/C=C/C=O,2
CSCCCN=C=S,0
CCCCC/C=C\C/C=C\C/C=C\C/C=C\CCCC(=O)O,0
CC(=O)S,1
CC=C(C)C,1
CC(C)CS,1
CCC(C)S,1
CC1=CC[C@@H](CC1)[C@@](C)(CCC=C(C)C)O,0
CC(=O)C1CCOC1=O,0
C1=CC2=C(C(=C1)N)C(=O)NNC2=O,0
CC1=C(C(=CC=C1)C)C,2
C1=COC(=C1)C(=O)Cl,0
CC1=CC=CC=C1C(C)C,2
CN1C2CCCC1CC2,2
C1CC(C2=CC=CC=C2C1)O,0
C1=CC=C(C=C1)C(C#N)O,0
CC(OC)OC,1
CC1=CC=CO1,1
CCOC(=O)C(C)Cl,2
CC1=CC(=CC=C1)C(C)C,2
CC(=C)C1CCC(=CC1)CO,0
CC(C)C1=CC=C(C=C1)CO,0
CCC1=CC=NC=C1,2
COC1=CC=CC(=C1)N,0
COCC1=CC=CC=C1,2
CC(C)CC1=CC=CC=C1,2
C=CCSS(=O)CC=C,0
CCCC(=O)OCC(C)C,2
CCCCCOC(=O)CCC,2
CCC(=O)OCC(C)C,2
C(=CCl)Cl,1
C(CS)S,2
CC(C)CC(C)(C)C,1
CC(=O)OC(C)(C)C,1
CCCC(=O)N,0
CCOC(=O)Cl,1
CC1=CSC(=N1)C,2
CCC(C)CC(=O)CC,2
C1CCOC(=O)C1,0
CC(C)COC=O,1
C(C=CCl)Cl,2
CCN=C=S,2
CCSC#N,2
CCCCCC(C)O,2
CC(C)CCOCCC(C)C,2
CC/C=C/CCO,2
C1C=CC=CC=C1,1
CCCCC/C=C\C/C=C\CCCCCCCC(=O)OCC,0
CCCCCCCCCCCCCCCC,0
CC(=CC(=O)C(C)(C)C=C)C,2
CC(C)C(=O)OC,1
CC(C(=O)OC)O,2
C=C1CCOC1=O,2
CC1=CC(=O)C2=C(C3=C(C=C(C4=C3C5=C2C1=C6C(=CC(=O)C7=C(C8=C(C=C(C4=C8C5=C67)O)O)O)C)O)O)O,0
CN1C2CCCC1CC(=O)C2,0
CCC(=O)OC,1
CC1=CC=CS1,1
CC(C)C1CCC(=C)C=C1,2
CC(C)CC(=O)OC,1
CSC#N,2
CC(=CCO)C,2
CCCOC(=O)CC(C)C,2
CC1(CO1)C,1
CC(C)(C)C=C,1
CCC(C)(C)C(C)C,1
CCC(C)(C)CC,1
CCCC(C)(C)CC,1
CC(C)C(=O)C,1
CCC(C)C(C)(C)C,1
CCC(C)C(C)C,1
CCC(C)C(C)O,2
CCC(C)C(=O)C,1
CC=C(C)C(=O)C,2
CCC(C(C)C)O,2
CCC(=O)C(C)C,1
CC(C)C(C)C(C)C,1
CC(C)C(=O)C(C)C,1
CC1=CC2=CC=CC=C2C(=C1)C,0
CC(=O)N1C=CC2=CC=CC=C21,0
CC1=CC=CC=C1OC,2
COC1=CC=CC(=C1O)CC=C,0
CC(=O)C1=CC=CC=C1OC,0
CCOC(=O)C1=CC(=CC=C1)N,0
CCC(C)C(C)CC,1
CC1=C(C=NC=C1)C,2
CC1CCCCC1=O,2
CC1=C(N=CC=C1)C,2
CCC(CC)O,2
CC1=C(C(=O)CC1OC(=O)C2C(C2(C)C)C=C(C)C)CC=C,0
CCCC(C)C(C)C,1
CC(=C)C(=O)OC(C)(C)C,2
CCCCCC(=O)C(=O)C,2
CC(=O)C1=CC(=CC=C1)OC,0
C1=CC=NC(=C1)CO,0
C1=CC=C(C=C1)OCCCBr,0
CCCC(C)CC,1
CCC(C)CCO,2
CCC(C)OC=O,1
CCC(C)CC(C)C,1
CCCC(C)CCC,1
CCCC(CCC)O,2
CC(C)CC(=O)OCC(C)C,2
CCCCC(=O)CCC,2
C/C=C/C(=O)OCC(C)C,2
CCCCC(C)CC,1
CCCCC(CC)O,2
CC1CCC(CC1)C,1
CC1CCC(=O)CC1,2
CC1=CN=C(C=C1)C,2
CCCCOC(=O)CC,2
CCCC(C)(C)C,1
CCCC(C)(C)O,2
CC1(CCCCC1)C,1
CCCCC(C)(C)C,1
CC(C)CC=O,1
CC1=CC(=CN=C1)C,2
CC1CCCC(=O)C1,2
COC1=CC=CC(=C1)C=O,0
CCC(C)OC(=O)CC,2
CC1CCC=CC1,1
CC1CCCC=C1,1
CC1=CCCCC1,1
CCCCC(=O)OCCCC,2
CCCCC(C)C,1
CCCCC(=O)C,2
CC(=O)OCC=C,1
CC(C)CCC(C)C,2
CCCCCC(C)C,1
CCCCOC(=O)Cl,2
CCCCC=C,1
CCC/C=C/C,1
C/C=C/CC=C,1
CC/C=C/CC,1
C1CC=CC=C1,1
CC(C)CSCC(C)C,2
CCCCC=CC,1
CCCC=CCC,1
CCCCOC=O,1
C=CCSCC=C,2
CCCCCCCCCCCCCCCCCC,0
CCS(=O)(=O)O,0
CC(C)C(C)(C)O,2
CCC(C)(C(C)C)O,2
CCC(CC)(CC)O,2
CC(C=C)O,1
CCN(C)C,1
CC(C)(C)C(=O)OC,1
CCC(=O)C(=O)C,1
CC(=O)C(=O)OC,2
CC(C)C(C(C)C)O,2
CC(C)OC(=O)C1=CC=CC=C1O,0
CCC(=O)C1=CC=CC=C1O,0
COC1=CC=CC=C1C=C,2
COC1=CC=CC=C1CO,0
CCOC(=O)C1=CN=CC=C1,0
CC(C)(C)OOC(=O)C1=CC=CC=C1,0
CC1=CC(=O)OC1=O,0
CCC(C=C)O,2
C(C(CO)O)N,0
CCC(CC)S,1
COC(=O)OC,1
CC1=CSC=C1,1
CCCC(C(C)C)O,2
CCOC(=O)C(=O)C,2
C1=COC(=C1)C#N,2
CCN1C=CC=C1,2
COC(=O)C1=CC=C(C=C1)Br,0
CCC1=CC(=CC=C1)O,0
C1=CC=C(C=C1)COCCO,0
CCCC1=CC=CC=N1,2
CC(=O)OC1CCCCC1,2
C1=CC=C(C=C1)CN=C=S,0
CC1=CC=C(C=C1)C=C,2
C1=COC(=C1)/C=C/C=O,0
CCCC(CC)O,2
CCCC(=O)OC,1
C/C=C/C(=O)OC,1
CCOC(=O)CS,2
CCC(=O)CC(C)C,2
CCOC(=O)/C=C/C,2
CCOC(=O)/C=C/C(=O)OCC,0
CCCOC(=O)OCCC,2
CCCCC(=O)OC,1
CCC(C)COC(=O)C,2
COC(=O)/C=C\C(=O)OC,0
CCCCCOC(=O)CC,2
CCSC,1
CSSC,1
CCC(C)(C)OC(=O)C,2
CCCCC(C)(C)O,2
CC(C)CC#N,2
CCCC(C)N,1
CC(CC=C)O,2
CC(C)OC=O,1
CCSC(=O)C,1
CC(C)SC(C)C,1
CC1=CC=C(N1)C,2
CCCC(=O)CC(C)C,2
CCCC(C)OC(=O)C,2
C1=CNC=CC1=O,0
CN1CCCCC1,1
CC(C)CCCO,2
CCCCC(C)O,2
CCOCC(=O)O,0
CC/C=C\C,1
C=CCCO,2
CCCNC,1
CCSC=C,1
CC(C)CCC(C)O,2
CC(C)CCCCO,2
CCCCOC,1
CCCCSC,1
CCCN=C=S,1
C1C=CCC=C1,1
CCCCCCC(C)(C)O,2
CCCCCOC(=O)C,2
CCCCCC#C,1
CCCCCC#N,2
C1CCC=CCC1,1
CCCCCCCC(C)O,0
CCCCCCC#C,1
CCCCCCC#N,2
C\1=C\C=C/C=C\C=C1,1
CCCCCCOC=O,2
C(CCCC#N)CCC#N,0
CCCCCCCCCCCCC,0
CCCCCCCCCCCCCC,0
CCCCCCCCCCCCCCC,0
CCCCCCCCCCCCCCC=C,0
CC(C)(C)C=O,1
C1CC2=CC=CC=C2NC1,0
C1=CSC(=C1)CO,0
CCC(=O)OC(C)C,1
CC1=CC=C(S1)C,2
CCOC(=O)C=C(C)C,2
CCCC(=O)OC(C)C,2
CCCCCOC=O,2
CCCOC(=O)C(C)C,2
C1=CC=C(C=C1)/C=C\C2=CC=CC=C2,0
CCCC1=CC=C(C=C1)O,0
C1COCO1,1
CC(C)CCC(=O)O,0
CC1=C(SC=N1)CCOC(=O)C,0
COC1=CC(=C(C=C1)O)C=O,0
C/C=C/C(C)C,1
CO[Si](OC)(OC)OC,2
CCOC(=O)[C@H](C)O,2
CCCCC(CC)COC(=O)C(=C)C,0
CC(=CCC/C(=C/CCC(=O)C)/C)C,0
CC(C)CC=C,1
C/C=C\C(C)C,1
CC1=CCCC1,1
CC1=CSC=N1,2
C=C1CC2CC1C=C2,1
CC(C)C1CCCCC1,2
COC1CCC(O1)OC,2
COC1=CC=C(C=C1)S,0
CCC1C(=C(C(=O)O1)O)C,0
C1CCC(CC1)CCC(=O)O,0
CCCCCCC1CCC(=O)O1,0
CCCC(=C)C,1
CC(=C)CC=C,1
CC(=C)CCO,2
CCOCCC(=O)OCC,2
CC(=CC=C(C)C)C,2
CN(C)C(=O)C1=C(C=C(C=C1)NC=O)S(=O)(=O)NC(=O)NC2=NC(=CC(=N2)OC)OC,0
CCC(=O)N(CC)C1=CC=CC(=C1)C,0
CCC(C(C)C=O)S,2
CCC(C)(CCCC(C)C)OC(=O)C,0
C[C@H]1[C@@H](O1)C,1
C1=CC=C2C(=C1)N=C(S2)SCSC#N,0
C1=CC(=CC=C1C=O)OCCO,0
CCOCC=C(C)C,1
CC1=CC=CC=C1CC#N,0
CCCCCCCCCCC=CC#N,0
CC1=CC(=C(C=C1)O)C(=O)OC,0
CC1(CC(=O)C=C1)C,2
CC1=CC[C@H](CC1)[C@](C)(CCC=C(C)C)O,0
CC1C(OC(C(O1)(C)O)C)(C)O,1
CCCCC[C@@H](CC(=O)CCC1=CC(=C(C=C1)O)OC)O,0
CCOC1=CC=C(C=C1)C(=O)OCC,0
C/C=C/C(=O)C1=C(CCCC1(C)C)C,0
CC1=C(OC2=CC=CC=C12)C(=O)C,0
CC(C)[C@@H](C(=O)OC)O,2
CC1=C(C=CC(=C1)OC)OC,0
C=CC(=O)OCCC(=O)O,0
CCCCCCCCCCCCCOCCO,0
CC(C)CCCCCOC(=O)CS,0
CC(C)C(C)(C)C(C)(C)C(C)(C)S,0
CCCCC/C=C/C=C/C=O,0
CC(=C)CC(C)(C)C,1
CC(C)CCCCCCCO,0
CCCCCCCCC(CCCCCC)C(=O)O,0
COC1=CC=CO1,1
CCOC(=O)CCC(C)C,2
CCCCCNC,1
CC1CCCOC1,1
CCN1CCCC1CN,2
CN1C(=O)C=C(S1)Cl,0
CCCCCCCCCCOCCO,0
CCC[C@H](C)O,2
CC1=CC=CC=C1C(=C)C,2
C1=CC(=CC=C1CC2=CC=C(C=C2)N=C=O)N=C=O,0
CC1CC(C(O1)C)S,2
CCCCCCCCN1C(=O)C=CS1,0
CCCC[C@@H](C)O,2
CC/C=C/CC(=O)OCC,2
CCCCCCCC/C=C\CCCCCCCCN(OCCO)OCCO,0
CCC(=C)C,1
CC(C)C1=CC(=CC(=C1)OO)C(C)C,0
CC1=CC(NC2=CC=CC=C12)(C)C,0
CC(C)CCCCCO,0
CC(C)(CS(=O)(=O)O)NC(=O)C=C,0
CCCCCCC=CC,2
CC(C)CCCCCCO,0
CCCCCCCCCCCCC/C=C\CCCCCCCC,0
CC(C)CCCCCOC(=O)C1=CC=CC=C1C(=O)OCCCCCC(C)C,0
CCCSCC=C,2
CCOC(=O)CC(C)OC(=O)C,2
C[C@@H](C(=O)OC)O,2
CC1=CCC(C1(C)C)CC=C(C)CO,0
CC/C(=C\CC1CC=C(C1(C)C)C)/CO,0
COC1=CC=C(C=C1)/C=C/C#N,0
CC1=C(C=CO1)S,2
CC1=C(C=CO1)SSC2=C(OC=C2)C,0
CC1C(=C(C(=O)O1)O)C,0
COCCCC(=O)OC,2
CCN(CC)C1=NC(=CC(=N1)OP(=S)(OC)OC)C,0
CC1CCC2C(C1)C(CC=C2C)C(C)C,0
CC(=O)C1=NCCS1,0
C1COCCC1=O,2
CCC/C=C/C=C/C=O,0
CCCSSCC,2
C(C(COC(=O)CS)O)O,0
CC1=CC=CCC1,1
CCCCCCCCCC(=O)OCCC,0
CCC[C@@H](C)O,2
CC1=CC=C(O1)C(C)CC=O,2
CCCCCCCCCC(C)C,2
CC(C)(CCCC1=CCC(CC1)C=O)O,0
CC(=O)OC1CCC(CC1)C(C)(C)C,0
CC(C)CC(=O)OC(C)C,2
CCC(C)C(C)C=O,2
COC(=O)CC(=O)CCl,0
C[C@H](C=C)O,1
CC/C=C\CCOC=O,2
CCCC/C=C/CO,2
CSCS(=O)C,0
C[Si](C)(C)OCC(=O)O[Si](C)(C)C,2
CCC1=CC=CC(=C1N(COCC)C(=O)CCl)C,0
CC(C)(CCO)S,0
CCCCOC(=O)[C@H](C)O,0
CCCCC1=CSC=C1,2
CCC(C)COC=O,1
C/C=C/C(=O)OC(C)CC(C)C,0
C=CCOC(CN1C=CN=C1)C2=C(C=C(C=C2)Cl)Cl,0
CCC(C)CCOC(=O)C,2
CCCCC(=O)OCC1=CC=CO1,0
CCCOC(=O)C(C)CC,2
CC1(CCCCCCCCCCC1)OC,0
CC(=CCCC1=CCC(CC1)C=O)C,0
C[C@H]([C@H](C)S)O,0
C(CC(CC(=O)O)(C(=O)O)P(=O)(O)O)C(=O)O,0
CC1=C(SC(=N1)C)C(=O)C,0
CC1CCC(C(=O)C1)C(C)(C)S,0
CCCC1C2CC(C1C=O)C=C2,0
CCCC(C)C(=O)OCC,2
C=CCCCCCCCC=O,0
CCOC(=O)CC1=CN=CC=C1,0
COC(CSC)OC,1
CC(C(=O)C)S,2
CCC1CCC(O1)CC,1
C1CC2CC1CC2OC=O,2
CC/C=C\CCCC=O,2
CSSSC,2
CCCCCC(OCC)OCC,2
CC/C=C\CCOC(=O)C,2
CC/C=C/CCOC(=O)C,2
C=CCCCCC=C,1
CCCC1CC(=CC(=O)C1)C,0
COC(=O)CC=C,1
CCC(C)CC=C,1
CCCCCC1=CC=CO1,2
CCOC(CC(C)C)OCC,2
CN(C)CCCNC(=O)C=C,0
CCCC(=O)C(=O)C,2
COCCC(=O)OC,2
CC(COC)C(=O)OC,2
CCCCCCC(CCCC)CO,0
CCCCCCC/C=C/C=O,0
CCOC(=O)C(C)(C)C,1
CCOC(=O)COC,2
CCC(=O)C(=O)OC,2
CCC(C(C)(C)C)O,2
CCC/C=C/C,1
CC1(CC(CC(C1)(C)CN=C=O)N=C=O)C,0
CCC1=CC(=C(C(=C1)C(C)(C)C)O)C(C)(C)C,0
C/C=C/C=O,1
CC1=CN=C(S1)C,0
C=CC1=NC=CN=C1,2
CC1=CC(=CC(=C1)OC)OC,0
CCCC(=O)C1=CC=CO1,0
CC[C@H](C)O,2
CC(C)COC(=O)C1=CC=C(C=C1)O,0
C1=CC=C2C(=C1)C=C(O2)C=O,0
C(CCCBr)CCO,0
CC1CC(CC(C1)(C)C)C,2
CC1=CCC=CC1,1
CC(CC(C)(C)C)C=C,2
CC(C=C(C)C)O,2
C1CCC(CC1)OC=O,2
CCCC1OCC(O1)C,2
CO[Si](CCCOC(=O)C=C)(OC)OC,0
CC(CC(C)(C)C)CC(C)(C)CC(C)(C)C,0
C1=COC=C1CO,2
CO[Si](CCCS)(OC)OC,0
C1=C(C=C(C=C1C(=O)Cl)C(=O)Cl)C(=O)Cl,0
C1=C(C=C(C(=C1Br)O)Br)C2(C3=C(C(=C(C(=C3Br)Br)Br)Br)S(=O)(=O)O2)C4=CC(=C(C(=C4)Br)O)Br,0
C1CCC2C(C1)CCC(=O)O2,0
CCCCCCCCN=C=S,0
C1=COC(=C1)CSSCC2=CC=CO2,0
CCC(=O)C(=O)CC,2
CCC1COC(=O)O1,0
CC/C=C/CC=O,2
CC1=C[C@H]2[C@H](C2(C)C)CC1,2
CC1=CC[C@@H](C1(C)C)CC=O,0
CC(CO)C=C,2
CC(C(C)S)S,2
CCCCC(C)C(=O)O,0
CNCCCN(C)C,2
CC(=CCC/C(=C/CC/C(=C/CO)/C)/C)C,0
COC(=O)C1CCCCC1,2
C/C=C\CCC=O,2
CN(C)C(OC)OC,1
CCCCC(=O)/C=C/C,2
CC(C)OC(=O)C(=C)C,2
CC1CC(CC1=O)(C)C,2
C1N(CN(CN1CCO)CCO)CCO,0
CCOC1=C(C=CC(=C1)C(C)C)C,0
CCC(OCC)OCC,1
CCC(OC)OC,1
CCCCCCOC,2
CC(C)NC,1
C1CC(OC1)CN,2
C[C@H]1CC[C@@H]2C[C@H]1C2(C)C,2
CCCC(C=C)O,2
CCCC(/C=C/C)O,2
C1=CN=C(C(=N1)Cl)Cl,0
C=CCCCCCC=C,2
CCOC(=O)CCC(=C)C,2
CCCCC(C=C)O,2
CCC(C(=O)CC)O,2
C=CCCCC#N,2
CCCCCC1CO1,2
C1CC(CCC1CC2CCC(CC2)N=C=O)N=C=O,0
CCSC(C)C,1
COC1=CC=CC(=C1OC)O,0
CC(C)/C=C/C(=O)C,2
CC(=C)CCOC(=O)C,2
C[C@H]1C[C@H]2[C@H](C2(C)C)C=C1,2
CC(C)(C)OC(=O)CBr,2
C1=CC=C2C(=C1)C=C(C=N2)Br,0
CCCCCCCCCCCS,0
CC1CCCC(C1O)C,2
CC(C)(C)COC(=O)C(C)(C)C,2
CCCC(CO)O,0
CC(=CCC/C(=C/C=O)/C)C,0
CC(C(C)Br)Br,0
CC(=O)OC1CC2CC1C3C2C=CC3,0
CC(CC=O)CC(C)(C)C,2
CC(=O)CC(OC)OC,2
C1=CC=C(C=C1)COC(=O)CBr,0
CC1CCC(=O)CC1C,2
CC1=CCC(CC1)C(C)C,2
CCCCC(C)(CC)O,2
CCC/C=C/CC=C,1
CC1=CC(=CC(=C1)C=O)C,0
CCOC(=O)/C(=C/C)/C,2
CCC(C)CC(=O)OCC,2
C[C@@]12CC[C@@H](C1(C)C)C[C@H]2OC(=O)C=C,0
CC1=NC=CN=C1C,2
CCCCCCC(C)CC,2
CCC(=O)SC,1
C/C=C(/C)\C(=O)OC,2
C[C@@H]1[C@@H](S1)C,1
CC1=CC[C@@H](CC1)C(=C)C,2
CC1=CC[C@H](CC1)C(=C)C,2
CCCC(C)O,2
COC(C=C)OC,1
C1CC(=O)N(C1=O)O,0
CC1CCC(CC1)C(C)C,2
C/C=C/CO,2
CC1CCC(O1)CO,2
CC(CC(C)(C)C)O,2
CC(C)(C)SC,1
CCCCCC[C@H](C)O,0
CCCCCCCCCCC(=O)C,0
CCCCC(CC)COC(=O)C(=C(C1=CC=CC=C1)C2=CC=CC=C2)C#N,0
CCCCCCOC(=O)C1=CC=CC=C1O,0
C/C=C/C(=O)OC(C)C,2
C[C@H](CCO)O,0
COCC(=O)OC,2
CC(C)CC1=CC=CC=N1,2
CC(=O)C(OC)OC,2
C(N(CP(=O)(O)O)CP(=O)(O)O)P(=O)(O)O,0
CCCCCC/C=C\C,2
CCCCCC/C=C/C,2
CC1(C(=O)N(C(=O)N1CO)CO)C,0
CCCC/C=C\C,1
CC1=CC[C@H](CC1=O)C(=C)C,0
CSCSCSC,0
C/C=C(\C)/C(=O)OC,2
COC1=CC(=CC(=C1O)OC)CC=C,0
CC(C)CC1=CC=C(C=C1)CC(C)C=O,0
CCC/C=C/C=O,2
CC/C=C\CCC=O,2
CC/C=C\CC=O,2
CC(C)C(C(C)(C)COC(=O)C(C)C)OC(=O)C(C)C,0
CC1CC(CCC1N)CC2CCC(C(C2)C)N,0
C[C@@H]1CC[C@H]2C[C@@H]1C2(C)C,2
CCCCC(CO)O,0
CCCCCCCCC(CC)O,2
CCCCOC(=O)C1=CN=CC=C1,0
COC1=CC=CC(=C1)CO,0
CCOC(/C=C/C1=CC=CC=C1)OCC,0
CCOC(=O)[C@@H]1CCC(=O)N1,0
CC1=COC(=N1)C,2
CC(=CCC/C(=C/CCC(C)(C=C)O)/C)C,0
CC1=NC2=CC=CC=C2N=C1,0
COC1=CC(=C(C=C1)CO)OC,0
C/C=C\CC=C,1
C/C=C/CC=C,1
CCOCCOCCOC(=O)C=C,0
CSSSSSC,2
CCCCC(CC)CS,2
CCCC(=O)C(C)C,2
CC1(CCCC(O1)(C)C=C)C,2
CCCCCCCCCCCCCCCCCC[Si](OCC)(OCC)OCC,0
CC1=CC=CC=C1C(=C)C,2
C/C=C(\C)/C1CCC(O1)(C)C,2
CCCC/C=C/CCCC,2
CCCC/C=C\CCCC,2
CCC(C)C(=O)OCC,2
CCOC(=O)CC(C(=O)OCC)C(=O)OCC,0
CC(C)(C(=O)C1=CC=CC=C1)O,0
CC(C)C(=O)C(=O)C,2
C=CCOC(=O)C1=CC=CC=C1N,0
C=CCOC(=O)COC1=CC=CC=C1,0
CC(=C)C(=O)O[C@@H]1C[C@H]2CC[C@@]1(C2(C)C)C,0
C[C@@H](CCC=C(C)C)CCO,0
CC(C)CCCC(C)CCCC(C)CCC/C(=C/CO)/C,0
CCCCC/C=C\C,1
CC/C=C\CC,1
OP(=O)(O)O,0
OS(=O)(=O)O,0
CCC/C=C\C,1
CCOC(=O)[C@@H](C)O,2
P(Cl)(Cl)Cl,0
OO,0
C=CCCCCCCCCCBr,0
CC1=CCC(CC1)C(C)(C)OC(=O)C(C)C,0
C1=CSC=C1S,2
CCN1CN(CN(C1)CC)CC,0
C[C@@H](C1=CC=CC=C1)C(=O)O,0
C[C@H](C1=CC=CC=C1)C(=O)O,0
OS(=O)O,0
CCC(=O)SCC=C,2
CC[C@H](C)CCO,2
CCC(C)C(=O)SC,2
CC1SCCSS1,0
CCCC/C=C/CC/C=C/CCCCCCOC(=O)C,0
CCCC(=O)OCC(C)CC,2
CC(C(=O)OC)OC1=CC=C(C=C1)OC2=C(C=C(C=C2)Cl)Cl,0
CCCC(CCO)SC,0
CCCC(CCO)S,0
CN1C=CC=C1CC(=O)OC,0
CCCC[C@H](C)O,2
COC(=O)CCCSC,0
CCC(=C)CCCC(C)(C)O,0
CCC/C=C/COC=O,2
CCOC(=O)C(C)CC=C,2
CC(C(=O)C)SC,2
CCCC(C)OC(=O)C,2
CC1=C(SC(=N1)C(C)C)C,0
CC1=C(SC(=N1)CC(C)C)C,0
CCCOC(=O)[C@H](C)O,0
CCC(COC)O,2
CCC1=NC(=C(O1)C)C,2
CC(C(=O)OC)S,2
CCOCCOC(=O)C(C)C,2
CCCCC1OC(CC(O1)(C)C)C,0
CCOCC(C)OC(=O)C,2
CC(CCC1=CC=CC=C1)CCO,0
CC(C)(C)C(C(N1C=NC=N1)OC2=CC=C(C=C2)C3=CC=CC=C3)O,0
CCCCN(CCCC)SN(C)C(=O)OC1=CC=CC2=C1OC(C2)(C)C,0
C1=C(C(=NC(=C1Cl)Cl)OCC(=O)O)Cl,0
C[C@@H](CC=C)O,2
CC1=CC(=C(O1)C)S,2
COCCC1=CC=C(C=C1)O,0
CC/C=C/CCOC=O,2
CC(COC(C)(C)C)O,2
CC1C(CCO1)S,0
CC1CC(CC(=O)C1=O)(C)C,0
CCOCOC1CCCCCCCCCCC1,0
CC/C=C(\C)/C(=O)OCC,0
CC1CCC(CC1)C(C)(C)OC(=O)C,0
CCOCCC(=O)C,2
CCCC1COC(O1)(CN2C=NC=N2)C3=C(C=C(C=C3)Cl)Cl,0
CCOC(=O)C(C)C=C=C,2
CCCCC(=O)C(CCC)SC1=C(OC=C1)C,0
CCCOC(=O)/C(=C/C)/C,2
C1CC=CC(C1)C2=CC=C(C=C2)C3CCC=CC3,0
CC1=NC2=C(O1)C=CC(=C2)C3=CC=CC=C3,0
CCOCC1CCCO1,2
CC1=C(C=CO1)SC,2
CC1CCC(C2(C1)OCC(O2)CO)C(C)C,0
CCCC(C)N,2
CC(C)CC1CC(CCO1)(C)O,0
CCOC(/C=C/C)OCC,2
C[C@@H](C(=O)OC(C)C)O,2
CC(=O)OC1CC2CC1C3C2CCC3,0
C[C@H](CC=C)O,2
CCCCCC/C=C\CCCCCC=O,0
CC/C=C/CC(=O)C=C,2
CCCCC/C=C/CCC=O,0
CC/C=C\CCOC(=O)C1=CC=CC=C1O,0
CC1=C(C(=O)C=CO1)OC(=O)C(C)C,0
CCCCOC(=O)N(C)SN(C)C(=O)OC1=CC=CC2=C1OC(C2)(C)C,0
C1CCC(C1)N(CC2=CC=C(C=C2)Cl)C(=O)NC3=CC=CC=C3,0
CC(C)CCCC1=CCC(CC1)(C)C=O,0
CCC(C)C(=O)OC(C)C,2
CCCCCCCNCC,2
CCC(C(=O)C)S,2
CC(C)CCOCC(=O)OCC=C,0
CCCC1CCOC(S1)C,2
CCC(C)(C)C1CCCCC1OC(=O)C,0
CC(C(=O)O)O,0
CN1CCC[C@H]1C2=CN=CC=C2,0
C(CN)CNCCCN,0
C(Cl)(Cl)(Cl)Cl,0
C=CCN=C=S,2
CC(=O)NCCCCCC(=O)O,0
C1COC1=O,0
C1=CC=C(C=C1)CCO,0
C(CS)O,0
C1=CC=C(C=C1)N,0
CCO,1
C(=O)O,0
CC(=O)O,2
CCOS(=O)(=O)OCC,0
C1=CC=C2C(=C1)C=CC=C2C=O,0
CO,1
CC(C)O,1
CC(=O)C,1
C(Cl)(Cl)Cl,0
C(C(=O)O)S,0
CCOC(=O)C(=O)CBr,0
CCCO,1
CCCCO,2
CCCCCO,2
C1=CC=CC=C1,1
CC(Cl)(Cl)Cl,0
CI,0
C(Cl)Br,0
CC#N,1
CCS,1
C(Cl)Cl,0
C(=O)N,0
CSC,1
C(Br)(Br)Br,0
CC(C)I,2
CC(C)S,1
CC(C)(C)O,1
CC(C)(C)S,1
CS(=O)(=O)O,0
CCC(C)(C)O,1
CC(C)(C)OO,2
C(C(F)(Cl)Cl)(F)(F)Cl,0
C[C@@H]1CC[C@@H]2[C@]13CC[C@@]([C@H](C3)C2(C)C)(C)OC(=O)C,0
CCC(C)(C(=O)OCC)O,2
C1C=CC2C1C3CC2C=C3,1
COS(=O)(=O)OC,0
CCOC(=O)CC(CC(=O)OCC)(C(=O)OCC)OC(=O)C,0
CCO[Si](C=C)(OCC)OCC,2
C#CC1(CCCCC1)O,0
CCOP(=O)(OCC)OCC,0
CC1=CC(=O)CC(C1)(C)C,0
CC(C)CBr,1
CC(C)CN,1
CC(C)CO,2
CC(C)C=O,1
CC(=C)C=O,1
CCC(C)O,2
CCC(=O)C,1
CC(=O)C=C,1
CC(CN)O,0
CC(=O)C=O,0
CCC(Cl)Cl,1
C(C(Cl)Cl)Cl,0
C(=C(Cl)Cl)Cl,0
CCC(=O)O,0
C=CC(=O)O,2
C(C(=O)O)O,0
CC(=O)OC,1
CC(=O)OO,2
CC(C(=O)O)S,0
C(C(=O)O)(Cl)Cl,0
CC1=CCC(CC1)C(C)(C)OC(=O)C,0
CC(CC1=CC=C(C=C1)C(C)(C)C)C=O,0
CC1=CCC2CC1C2(C)C,2
CC(=C)C(=O)OC,1
CN1CCN(C1=O)C,0
C1(C(C(C(C(C1OP(=O)(O)O)OP(=O)(O)O)OP(=O)(O)O)OP(=O)(O)O)OP(=O)(O)O)OP(=O)(O)O,0
CC(C)COC(=O)C1=CC=CC=C1C(=O)OCC(C)C,0
CCCCOC(=O)C1=CC=CC=C1C(=O)OCCCC,0
CC1=C(C(=O)C2=CC=CC=C2C1=O)C/C=C(\C)/CCC[C@H](C)CCC[C@H](C)CCCC(C)C,0
CCCCOC(=O)C1=CC=CC=C1C(=O)OCC2=CC=CC=C2,0
CNC1=CC=CC=C1C(=O)OC,0
CC(C)CCOC(=O)C1=CC=CC=C1O,0
C/C/1=C\CCC(=C)[C@H]2CC([C@@H]2CC1)(C)C,0
CC1=C(C(=CC=C1)C)N,0
C=CN1CCCC1=O,0
CC(=O)C1=CC=CS1,0
CC(C)(C)C1=CC=CC=C1O,0
CC1=CC(=C(C=C1)C(C)(C)C)O,0
CC1CCC(C(C1)OC(=O)C2=CC=CC=C2O)C(C)C,0
C1=CC(=C(C=C1O)O)C(=O)O,0
CC1CC(C=C(C2C1CC(=C(C)C)C2)C)O,0
C1=CC=C(C(=C1)C=O)Cl,0
C1=CC=C(C(=C1)C=O)O,0
COC1=CC=CC=C1N,0
CN(C)CC1=CC(=C(C(=C1)CN(C)C)O)CN(C)C,0
C1CCC2CCCCC2C1,2
C1=CC=C2C(=C1)C=CC=N2,0
CCOC1=CC2=C(C=C1)NC(C=C2C)(C)C,0
CC1=CC2=C(C=C1)N=CC=C2,0
CC1=NC2=CC=CC=C2C=C1,0
CCN(CC)C1=CC=CC=C1,0
COC1=C(C=C(C=C1)C(=O)O)OC,0
COC1=C(C=C(C=C1)CC=C)OC,0
CC(=O)OC1=C(C=C(C=C1)CC=C)OC,0
CC1=CC(=C(C=C1)O)OC,0
COC(=O)C1=CC=CC=C1,0
CCOC(=O)C1=CC=C(C=C1)C,0
C1=CC=C(C=C1)COC(=O)C2=CN=CC=C2,0
C=CCC1=CC2=C(C=C1)OCO2,0
COC(=O)C1CCC(CC1)C(=O)OC,0
C1CCN(CC1)C(=O)/C=C/C=C/C2=CC3=C(C=C2)OCO3,0
C1=CC(=C(C=C1Cl)Cl)OCC(=O)O,0
CCCC(C(CC)CO)O,0
C1C=CC2=CC=CC=C21,2
C1=CC=C2C(=C1)N=CS2,0
CC1=NC2=CC=CC=C2O1,0
CC1=CC=CC=C1C,2
CC1=CC=CC=C1O,0
C1=CC=C(C(=C1)Cl)Cl,0
C1=CC=C(C(=C1)N)O,0
C1=CC=C(C(=C1)O)Br,0
C1=CC=C(C(=C1)O)Cl,0
CC1=CC(=C(C=C1)C)C,2
CC1=CC(=C(C=C1)N)C,0
C1=CC(=C(C=C1O)O)Cl,0
CCCCC(=O)C(=O)C,2
CC(=C)C(=O)OCC=C,2
C1C(O1)C2=CC=CC=C2,0
CCC(C)CC,1
CCC(C)CN,1
CCC(C)C=O,1
C(C(CCl)Cl)Cl,0
CCC(CO)N,0
CCC(=O)CC,1
C(C(CCl)O)O,0
C(C(CS)O)O,0
CCC(=NO)C,0
COC(=O)C=C,1
C1CCC(C1)O,2
CC1CCCO1,1
C1CC(=O)OC1,0
COC1=C(C=CC(=C1)CC=C)O,0
C/C=C/C1=CC(=C(C=C1)O)OC,0
CCOC(=O)C(C)C,1
CCOC(=O)C(=C)C,1
CCOC(=O)C(C)O,2
C([C@@H](C(=O)O)O)C(=O)O,0
CC(C)COC(=O)C(C)C,2
CC(C)COC(=O)C(=C)C,2
CCCCOC(=O)C(C)C,2
CCCCOC(=O)C(=C)C,2
CC(=C)C(=O)OCCOC(=O)C(=C)C,0
CCC(CC)C=O,0
C1=COC(=C1)CO,0
C1=COC(=C1)C=O,0
C1=COC(=C1)CS,2
C1=CSC(=C1)C=O,0
CC(C)C1=CC=CC=C1,2
CC(=C)C1=CC=CC=C1,2
CC(C1=CC=CC=C1)O,0
CC(=O)C1=CC=CC=C1,0
C1=CC=C(C=C1)C(=O)Cl,0
C1=CC=C(C=C1)C(=O)S,0
CN(C)C1CCCCC1,2
CC1=CC(=CC=C1)C(=O)OC,0
CC1CCC(CC1)C(C)C,2
CC1=CCC(C=C1)C(C)C,2
CC1=CCC(=CC1)C(C)C,2
CC1=CC=C(CC1)C(C)C,2
CC1=CC=C(C=C1)C(C)C,2
CC(=O)C1=CC=C(C=C1)Cl,0
CCN(CC)CCO,2
C1=CC=C(C=C1)CBr,0
CCC1=CC=CC=C1,1
C=CC1=CC=CC=C1,2
C=CC1=CC=NC=C1,2
C1=CC=C(C=C1)C#N,0
C1CC(CC=C1)C=O,2
C1=CC=C(C=C1)CO,0
C1=CC=C(C=C1)C=O,0
C1=CC=C(C=C1)CS,0
C1=CC(=CN=C1)CO,0
CNC1=CC=CC=C1,0
COC1=CC=CC=C1,2
CSC1=CC=CC=C1,2
C=CC1=CC=CC=N1,2
CCC1=CC=CC=N1,2
C1CC(OC=C1)C=O,2
CC1=CC(=CC=C1)OC,2
CC(C)(CC1=CC=CC=C1)O,0
C1=CC=C(C=C1)CC2=CC=CC=N2,0
C1CCC(CC1)NC2CCCCC2,0
C1=CC=C(C=C1)OC2=CC=CC=C2,0
C1C(O1)COC2=CC(=CC=C2)OCC3CO3,0
CC(CN(CCN(CC(C)O)CC(C)O)CC(C)O)O,0
CCCN(CCC)CCC,2
C=CCN(CC=C)CC=C,2
CCCCN(CCO)CCO,0
CCCCN(CCCC)CCO,0
CCCCC(CC)COC(=O)C,0
CC(=O)OCCC1=CC=CC=C1,0
C1=CC=C(C=C1)CNCC2=CC=CC=C2,0
C1=CC=C(C=C1)COCC2=CC=CC=C2,0
CC(=O)OC/C=C/C1=CC=CC=C1,0
C1=CC=C(C=C1)/C=C/Br,0
CCCC1=CC=CC=C1,2
CCNC1=CC=CC=C1,0
C1=CC=C(C=C1)N=C=S,0
C1=CC=C(C=C1)CC(=O)Cl,0
CN(C)CC1=CC=CC=C1,2
CCCCCCCCCC1=CC=C(C=C1)O,0
C/C=C/C1=CC=C(C=C1)OC,0
CCCCC1=CC=CC=C1,2
C1=CC=C(C=C1)CCC=O,0
C1=CC=C(C=C1)/C=C/C=O,0
CCCCCCCC1CCC(=O)O1,0
CCCCC(CC)CN,2
CCCCC(CC)CO,0
CCN(CC)CCCN,2
CC1=CC=C(C=C1)C=O,0
CC1=CC=C(C=C1)OC,2
CCC1=CC=C(C=C1)CC,2
COC1=CC=C(C=C1)CO,0
CCCC(C)CO,2
CCC(=O)OCC,1
CCC(=O)OC=C,1
CCOC(=O)CCl,0
CC(=O)CC(=O)OC,0
CCC(C)OC(=O)C,1
CCOC(=O)CC(=O)OCC,0
CCCC(=O)OCC,2
CCOC(C)OCC,1
CCOC(=O)OCC,2
CN(CCO)CCO,0
CCCC(=O)OCCC,2
CC1=CC(=C(C=C1)O)C,0
CCC(=O)OCCC(C)C,2
CCCCOC(=O)/C=C/C(=O)OCCCC,0
CCCCOC(=O)/C=C\C(=O)OCCCC,0
CCCOC(C)OCCC,2
CC(=CCC/C(=C/COC(=O)C)/C)C,0
CCCCC(CC)CNCC(CC)CCCC,0
CC(CCC=C(C)C)CCO,0
CC(CCC=C(C)C)CC=O,0
CC(=CCC/C(=C/CO)/C)C,0
CC(=CCC/C(=C\CO)/C)C,0
CCCC(=O)OCCC(C)C,2
CCCCC(=O)CC,2
CC1=CC=C(C=C1)C,2
CC(C)COC(=O)C=C,2
CCCCCC(=O)CC,2
CCCCCC(=O)OC,2
CC(CCC=C(C)C)C=O,2
COC(=O)CCCCCCCCC(=O)OC,0
C=CCOCC1CO1,2
C=CCBr,1
C=CC=O,1
CCCS,1
C(CCl)Cl,1
CCCN,1
C=CCN,1
C=CC#N,1
C=CCO,1
C#CCO,2
C(C=O)Cl,0
C(CO)O,0
C/C=N/O,2
COCCl,1
CC(=C)CC(C)(C)C,1
CC(=CC(C)(C)C)C,1
CC(CC(C)(C)O)O,0
C[Si](C)(C)O[Si](C)(C)C,1
C[Si](C)(C)O[Si](C)(C)O[Si](C)(C)C,2
CC(C)CC(C)(C#C)O,2
CC(CCCC(C)(C)O)CC=O,0
CCCC(C)C,1
CC(=CC=O)C,2
CCCC(=O)C,1
C(CS)C(=O)O,0
CC(COC)O,2
CN(C)CCO,2
CC(=O)OC=C,1
CC(C)CC(C)C,1
CC(C)CC(=O)C,1
CC(C)CC(C)O,2
CC(CN(C)C)O,2
CC(C)NC(C)C,1
CC(C)OC(=O)C,1
CC(=C)OC(=O)C,1
CC(=O)OC(=O)C,2
CC1COC(=O)O1,0
CC1=CC(=CC=C1)C,2
CC1=CC(=CC=C1)O,0
CC1=CC(=CC=C1)N,0
CC1=NC(=CC=C1)C,2
CCOC(=O)CC(C)C,2
CC(COC)OC(=O)C,2
CC1=CC(=CC(=C1)C)C,2
CC1=CC(=CC(=C1)O)C,0
CC1=CC(=NC(=C1)C)C,2
CC(C)CC(=O)CC(C)C,2
CC(C)CC(C)OC(=O)C,2
CC1CCCCC1,1
CC1=CC=CC=C1,1
CC1=CC=NC=C1,2
C1=CC=C(C=C1)Cl,2
C1CCC(CC1)N,2
C1CCC(CC1)O,0
C1CCC(=O)CC1,2
CC1=CN=CC=C1,2
CN1CCOCC1,1
CC1CCCCN1,1
CC1=CC=CC=N1,2
CC1=NC=CN=C1,2
CCCCOC(=O)CC(C)C,2
CCCCOC(=O)CCC,2
CCCCOC(=O)CCCCCCCCC=C,0
CC(=O)CCC=C,2
CCCCC(=O)O,0
CC(C)COC=C,1
CN(C)CCCN,2
CCCOC(=O)C,1
CCCOC(=O)Cl,1
CCCCC,1
CCCCN,1
C(CN)CN,2
CCCCS,1
CNCCO,0
COCCO,2
COCOC,1
CCNCC,1
CCOC=C,1
CCOC=O,1
C1CCOC1,1
C1CCSC1,1
C1=CSC=C1,1
CC(C)CCC(=O)C,2
CC(=O)CCC(=O)C,0
CN(C)CCN(C)C,1
CC(C)COC(=O)C,1
CCCCCCCC/C=C\CCCCCCCC(=O)N(C)CC(=O)O,0
CCOC(=O)CCCCCCCCC(=O)OCC,0
CCCCCCCCCC(C)C=O,0
CCCCCC(=O)C,2
CC(C)CCOC=O,1
CCCCCC,1
CCCCCN,1
CCCCC#N,2
C(CCN)CN,2
CCCCC=O,1
C(CCO)CO,0
CNCCNC,2
COCCOC,1
CCCOC=O,1
CCSCCO,0
CCOCCO,2
CCSSCC,2
C1CCCCC1,1
C1CCC=CC1,1
C1=CC=NC=C1,1
C1CC=COC1,1
C1CCNCC1,1
C1COCCN1,2
CC(=CCCC(=O)C)C,2
C(CC(=O)O)CC(=O)O,0
CC(C)CNCC(C)C,2
CC(=CCC/C(=C/CC/C(=C/CC/C=C(/CC/C=C(/CCC=C(C)C)\C)\C)/C)/C)C,0
CCCCCCC(=O)C,0
CCCCCCC(=O)O,0
CCOCCOC(=O)C,2
CCCCCCN,2
C(CC=O)CC=O,0
CCCCCCS,1
CNCCCNC,1
CCOCCCO,2
C(CNCCN)N,0
C(CNCCO)N,0
C(CCl)OCCCl,0
C(COCCO)O,0
CCCCCCCC,1
CCCCCCC=C,1
CCCCCC=CC,1
CCCCCCCN,2
CCCCCCCO,0
CCCCCCC=O,2
CCNCCNCC,2
CCCCOCCO,0
CCCCCCCCCCCC(=O)OC,0
CCCCCCCCC,2
CCCCCCCCN,0
CCCCCCCCO,0
CCCCNCCCC,2
COCCNCCOC,2
COCCOCCOC,2
CCCCCCCCC(=O)O,0
CCCCOCCOC(=O)C,0
CCCCCCCCCC(=O)Cl,0
CCOCCOCCOC(=O)C,0
CCCCCCCCCCCCN(C)C,0
CCCCCCCOC=O,2
C(CNCCNCCN)N,0
CCCCCCCCCCO,0
CCCCCCCCCC=O,0
CCCCOCCOCCO,0
C=CCCCCCCCCC(=O)O,0
CCCCCCCCCCCC,0
CCCCCCCCCCC=C,0
CCCCCCCCCCCO,0
CCCCCCCCCCCCO,0
CCCCCCCCCCCC=O,0
C(CNCCNCCNCCN)N,0
CCCCCCCCCCCCCCCCN(C)C,0
CCCCCCCCCCCCCCN(C)C,0
CCCCCCCCCCCCCCCCC=C,0
CCCCCCCCCCCCCCCCCCN=C=O,0
C(=N)(N)N,1
CCCCC(CC)CN1C(=O)C2C3CC(C2C1=O)C=C3,0
CC(C)(C=C)O,1
CC(C)(C#C)O,1
CC(=O)C(C)(C)O,2
CCC(CO)(CO)N,0
CC(=CCCC(C)(C=C)OC(=O)C)C,0
C(CCl)OP(=O)(OCCCl)OCCCl,0
CC1=C(C(CC=C1)(C)C)C=O,0
CCCCC(CC)COC(=O)C1=CC=CC=C1C(=O)OCC(CC)CCCC,0
C1=CC=C(C=C1)COC(=O)C2=CC=CC=C2O,0
CCOC(=O)C1=CC=CC=C1O,0
COC(=O)C1=CC=CC=C1O,0
C1CCC2=CC=CC=C2C1,0
C1CC(=O)OC2=CC=CC=C21,0
CCOC(=O)C1=CC=CC(=C1)C,0
C1=CC=C(C=C1)COC(=O)C2=CC=CC=C2,0
C/C=C/C1=CC2=C(C=C1)OCO2,0
C1CCC(=O)C1,2
CN1CCCC1,1
CCOC(=O)C1C(O1)C2=CC=CC=C2,0
CCN(CC)CC,1
CN(C)C1=CC=CC=C1,0
CCOC(=O)CC(C(=O)OCC)SP(=S)(OC)OC,0
CC(C)C1=CC=C(C=C1)C=O,0
CC(CN(CC(C)O)CC(C)O)O,0
CCCCC/C(=C/C1=CC=CC=C1)/C=O,0
CCOC(OCC)OCC,2
CCOP(OCC)OCC,2
C1C(O1)COC2=CC=CC=C2,0
C1=CC=C(C=C1)CC=O,0
CC(=O)OC1=CC=CC=C1,0
C1=CC=C(C=C1)CCCO,0
C1=CC=C(C=C1)OCCO,0
CCCCC(CC)C=O,2
CCCC(=O)CCC,2
CCCC(=O)OC=C,1
C=CCOCC(CO)O,0
CC(=CCCC(=C)C=C)C,2
CCC=O,1
CC(C)CCO,2
CC(=O)CC(=O)C,2
CCC(=O)OC(=O)CC,0
CC1OC(OC(O1)C)C,2
CCCCCC(=O)OCC,2
CCCCCC(=O)OCC=C,0
CCCC=O,1
C/C=C/C=O,1
C1CCNC1,1
CC(=O)CCC(=O)O,0
CCCCCCCCOC(=O)CCCCC(=O)OCCCCCCCC,0
CCCCOC(=O)C,2
C1COCCO1,1
CC(C)CCOC(=O)C,2
CC(C)OCCC1=CC=CC=C1,0
CCCCCCCCCCOC1[C@@H]([C@H]([C@@H]([C@H](O1)CO)O)O)O,0
C=CCOC(=O)COC1CCCCC1,0
COC(=O)C1=CC=CC=C1O,0
CCOC(CCCCC(C)C)OCC,2
CC1=C(C(=CC=C1)C)N([C@H](C)C(=O)OC)C(=O)COC,0
CC(COC(=O)C)OC,2
CCCC(CCC1C(CCCC1(C)C)C)O,0
C(=O)(O)P,0
CC(C)CCSSC,2
CCCC(=O)OCSC,0
C=CCC1=CC=CO1,1
CC(C)CCCCCCCCCCC=O,0
CC(C)C(=O)OC(C)CC(=C)C,2
CCCCCCCCCCCCCO,0
CC(/C(=C(/C)\C(=O)C)/C)C(C)(C)C,0
CC1=NC(=NC(=N1)OC)NC(=O)NS(=O)(=O)C2=CC=CC=C2OCCCl,0
CC1CC(CO1)(C)C2=CC=CC=C2,0
CC/C=C/C=O,1
CCCCCCCCC(=O)Cl,0
CCCCCCCCC#C,2
C1CC1N,1
CSCC1=CC=CC=C1,0
CCCCN1CCCC1,2
CCC1=CC=C(C=C1)CO,0
CC(COC1=CC=CC=C1)O,0
CC1=CC(=C(C(=C1)C)S(=O)(=O)Cl)C,0
C[Si](C1=CC=CC=C1)(C2=CC=CC=C2)O[Si](C)(C3=CC=CC=C3)C4=CC=CC=C4,0
CC(=C)C(=O)C,1
CC(C(=O)C)C(=O)C,2
CCCCC(CC)C(=O)OC,2
CC(C)C(=O)OCC(=C)C,2
CCC(=CC)CC,1
COC(=O)CCC=C,2
C/C=C/CC(=O)OC,2
CCCC(=O)OC(C)CC,2
CC(=C)COC(=O)C,2
C=CCCCO,2
C=CCCCCO,2
CCOC(=O)CP(=O)(OCC)OCC,0
CCC(C)C(=O)OC,1
CC(=C)C(=O)OCCO,0
C=CCS,1
CCCCCCCC(C)C,2
CCCCCCCCC=C,2
CCC1=CC=CS1,2
C/C(=C\C1=CC=CO1)/C=O,0
CC1=C(C=CC(=C1)O)C(=O)C,0
CCC(C)(C=C)O,2
CCC(C)(C)OCC,1
CCC(=C)C=O,1
C=CC(C=C)O,2
CC(COC(=O)C(=C)C)O,0
C=CCC(C=C)O,2
C=CC(=O)NCO,0
CC(=CC(=O)OC)C,2
CCCCOC(=O)/C=C\C(=O)O,0
CC(C)(C)OC=C,1
C#CCCO,2
CC(C)CCCC(=O)C,2
CCC/C=C/CO,2
CC/C=C\CCO,2
CC/C=C/CCO,2
C(COCCO)N,0
C1CC(=O)C=C1,2
C1CC=CC(=O)C1,2
CC1=CC=C(N1C)C,2
C#CC1=CCCCC1,2
COC1=CCCCC1,0
CCC1=CC2=CC=CC=C2C=C1,0
CC(C)(C)C1=CC=C(C=C1)C=O,0
CC(=O)C1=CC=CC2=CC=CC=C21,0
COC1(CCCCCCCCCCC1)OC,0
CCCCCCCC(=O)N(CC)CC,0
CC(=O)SC(C)(C)C,2
C[Si](C)(C)N[Si](C)(C)C,1
CCCCCC(C)Cl,2
C=CCCC=CC=C,1
C1CCC(C1)N,1
CCCC1CO1,1
C1=CNC(=C1)C=O,0
C1=CSC(=C1)C#N,2
CC1CCC(O1)C,2
CCC(C)(CC)CC,1
CCCCC(=C)C=O,2
C1=CC=C(C=C1)P(C2=CC=CC=C2)Cl,0
CNC(=O)CSP(=O)(OC)OC,0
CC(=CCC/C(=C/CC/C(=C/CCC(C)(C=C)O)/C)/C)C,0
CC(C=C)C=C,1
CC(=CC#N)N,0
CCC/C=C/C(=O)C,2
CCCCCCCCCCCCC=C,0
CC1=NCCO1,1
CC1CCCC1=O,2
CC1=CCCC1=O,2
C1=CC=C(C(=C1)O)S,0
C=CC1=CN=CC=C1,2
C1CCC(CC1)N=C=S,0
COC(=O)C1=CC=C(C=C1)Cl,0
CO[Si](C)(OC)OC,1
CCCCCC(C)C(=O)O,0
CC(=CCOC(=O)C)C,2
C(CCCCS)CCCS,0
C1COC=C1,1
CC(=O)C1=CC=CO1,0
CC1=CC[C@@H](CC1)C(C)C,2
CC(=O)C1=C(C=CC(=C1)OC)OC,0
CC(CC1=CC2=C(C=C1)OCO2)C=O,0
CC1COCC2=CC3=C(C=C12)C(C(C3(C)C)C)(C)C,0
CCCCCCCCCC1=C(C(=CC=C1)O)CCCCCCCCC,0
CC(C)CCCCCCCOC(=O)C=C,0
CCC(=O)/C=C/C1C(=CCCC1(C)C)C,0
CC(=CCCC(C)(C1CO1)O)C,0
CCCCC1CO1,1
CCCCC1=CC=CS1,2
CCCCCCCCCS,0
C1=CC(=CC(=C1)CN)CN,0
CC1=CC=CCC1,1
C(F)(F)(F)S(=O)(=O)O,0
C1CCCCCC=CCCCC1,0
COC(=O)/C=C/C=C,2
C[C@@H](C(C)C)O,2
CCCC1=CSC=C1,2
C/C=C/CCC=C,1
CC(C)SC,1
CCCC1=CC=CS1,2
CC[C@H](C)CO,2
CCCCCCCC(CC)O,0
CCCOCC(C)O,2
CCOCC(C)O,2
CC=CC(C)O,2
C1CCC(CC1)S,2
CC(=O)OCCCC=C,2
CC/C=C\CO,2
CC/C=C/CO,2
C=CCCCC(=O)O,0
COCCCO,2
CC1CN(CC(O1)C)C2CCCCCCCCCCC2,0
CCCCCC(OC)OC,2
CCOC(C)OC(=O)C,2
CC/C=C(\C)/CO,2
C1CCSCC1,1
CCOC(=O)C(C)/C=C/C,2
CC/C=C(\C)/C(=O)OCC,2
CSCSC,2
C(=C(F)F)(OC(C(C(F)(F)F)(F)F)(F)F)F,1
COC1=CC=CC=N1,2
CCC(=O)C=C,1
C(CCCS)CCO,0
CC(C)(C)OC,1
CCCCCCCS,2
CC(=O)C1=CC2=CC=CC=C2O1,0
C=CCCCCCCC=C,2
COC(=O)CC1=CC=CC=N1,0
CC(C)(C)OC(=O)C=C,1
CCCC/C=C/C(=O)C,2
CCOC1(CCCCC1)OCC,2
CC(C)(C1=CC=C(C=C1)OCC2CO2)C3=CC=C(C=C3)OCC4CO4,0
CC1CCC(CC1)C(C)C,2
CCCC1CCCCC1,2
CCCCC1CCCCC1,2
CC1CCCC(C1C)C,1
C1CCC(C1)S,2
C1C=CCO1,1
C/C=C(\C)/C(=O)OC(C)C,2
CC1CCC(=O)C1,2
C[C@@H]1[C@@H](O1)C,1
CC1=NC(CO1)(C)C,1
CCC1=CSC=C1,2
C=CCOC(=O)CC1=CC=CC=C1,0
C=CCOC(=O)/C=C/C1=CC=CC=C1,0
COC1=CC=C(C=C1)SC,0
C1=CC=C(C=C1)/C=C/C#N,0
CCCCCCCC1=CC=C(C=C1)O,0
CC(C)[C@]12CCC(=C)[C@H]1C2,2
C(CCCCl)CCO,0
CCO[Si](C)(OCC)OCC,2
CC(C)CCOC(=O)C(C)C,2
CCCCOC(=O)C(=O)OCCCC,0
CCC(C)CCCC(C)C,2
CCCCCC(=O)OC(=O)CCCCC,0
CCCC(=O)OCC=C,2
CC(C)C(C)S,1
CCCC(C)S,1
CC(C)(C(=O)OC)O,2
CC(=C)C1CCC(=CC1)C=O,0
CC(C(=O)C1=CC=CC=C1)Br,0
C1=CC=C(C=C1)CC2=CC=NC=C2,0
COC1=CC=CCC1,2
CCC(C)CC(=O)OC,2
CSSCC=C,2
CCCSSCC=C,2
CCCSSC,2
C=COC1CCCCC1,2
CCSC(=O)N1CCCCCC1,0
CCCCCC(C)CC,2
CCCCC(C)CCC,2
CC1=CC(=C(C=C1)C=C)C,0
CC1CCC(C(C1)C)C,1
CC(C)N=C=S,2
C1=CC=C(C=C1)CCN=C=S,0
CC(C)CCOC(=O)CC(=O)C,0
CCCCCC(=O)OC(C)C,2
CC/C=C/CCOC=O,2
CC1=NCCS1,2
CC(=C)C(=O)OCCOCCOC(=O)C(=C)C,0
CCCCC/C=C/C=C/C=O,0
COC(=O)CS,2
CCCCCCCCCCCCN(CCCN)CCCN,0
CCC/C=C/C(=O)OC,2
CC/C=C/CC(=O)OC,2
COC(=O)CCCC=C,2
CC/C=C/CC(=O)OCC,2
CCC(=O)OCC=C,2
CC(C)CCC(=O)OC,2
CC1=C(C(=C(C=C1)C)O)C,0
C1C(O1)COCCCCOCC2CO2,0
CCCCOCC1CO1,2
CCCC(=O)SC,2
CCCCCC(=O)SC,1
CC(CCC=C(C)C)C=C,2
CCCCCCCCCCCC#N,0
CCC(C)COC(=O)CC,2
CSCC(=O)O,0
CCC(C)C(=O)OCC(C)C,2
CCCCCC/C=C/C=O,0
CCCC/C=C/C=O,2
CCCCCCCC/C=C/C=O,0
CC(=C)C(=O)OCC1=CC=CC=C1,0
CCC/C=C/COC(=O)C,2
CCC(=O)/C=C/C,2
CC(=O)OC1CC2CC1C3C2CC=C3,0
COC1=NCCCCC1,2
CO[Si](CCCOCC1CO1)(OC)OC,0
CCCC(C)C(=O)C,2
CCOC(=O)COC1=CC=CC=C1,0
CC(C)(CCO)O,0
CCCCOCOCCCC,2
C1OC2=C(O1)C=C(C=C2)CN,0
CN(C)C(=O)C=C,0
CCOC(=O)CC1=CC=CC=N1,0
CC1(CC1)CO,2
CCCC1=CC(=C(C=C1)O)OC,0
CCC1=CC(=C(C=C1)O)OC,0
C[C@@H](CN)O,0
COCCC=O,1
CC1CCCC(C1=O)C,2
CC(C)CC(=O)OCC=C,2
CC1=NC=CN=C1OC,2
CC1(CC(CC(C1)(C)CN)N)C,0
CCCCCCCCCCC1CO1,0
C=CCC(CC=C)O,2
CCCCCCCCCCCCCCCCS,0
C1CC(C1)O,1
COC(=O)CCS,2
CCCCCCCC[Si](OCC)(OCC)OCC,0
CC1=C(C(=CC=C1)OC)C,0
CC1(CCCC(=O)C1)C,2
COC1CCCCCCCCCCC1,0
CCC(C)OC(=O)C(=C)C,2
CC(C)CC(=O)CC(=O)C,2
CC(=O)C1CCC1,2
CCCCCC(=O)OC=C,2
CC(C)C(C)(C(C)C)O,2
CCOC(C=C)OCC,1
CCCCCCCCCCCCOCCOCCOCCOCCOCCOCCOCCO,0
CCCCCC[Si](OC)(OC)OC,0
CCCCCCCC[Si](OC)(OC)OC,0
C1CCN(CC1)CCC#N,0
CC/C=C(\C)/C(=O)O,0
COC(=O)CCCCl,2
CC1=C(C(CCC1)(C)C)CC=C(C)C=O,0
C1CCC(CC1)N=C=O,2
CC1C(=O)CCO1,2
CC(=O)N(C)C=C,2
CCCCCCC(C)C,2
CC(=C)CCC(=O)C,2
CC(C)(C)C(=O)Cl,1
CCC(COC(=O)C(=C)C)(COC(=O)C(=C)C)COC(=O)C(=C)C,0
CC(=CC/C=C(/C)\C=C)C,2
CC(C)C12CCC(=C)C1C2,2
CC1COC(O1)C,1
C[Si](C1=CC=CC=C1)(C2=CC=CC=C2)O[Si](C)(C3=CC=CC=C3)O[Si](C)(C4=CC=CC=C4)C5=CC=CC=C5,0
C1CCC(C1)C(=O)O,0
CCC(C)/C=C/C,1
CCC(C)(C)C=C,1
CCCC/C(=C/C)/C,1
CC(C)(C)C1=CCCCC1,2
CC1=CC2=C(C=C1)C=CN2,0
CSC1=CC=C(C=C1)C=O,0
CC(CCO)CC(C)(C)C,0
CCCCCOC(=O)/C=C/C1=CC=CC=C1,0
C(CCCCS)CCCCS,0
CC1=NC=CS1,2
CC1=CN=CS1,2
CC1=C(SC=N1)C,2
CC(C)C1C(COCO1)(C)C,2
CC1=CC(=CC=C1)OC2=CC=CC=C2,0
C(COCO)OCO,0
CC(C)(COC)O,2
COC1=CC(=C(C=C1)OC)CCN,0
CC1=CC[C@H]2C[C@@H]1C2(C)C,2
CC1=CC[C@@H]2C[C@H]1C2(C)C,2
COC1=C(C=CC(=C1)C=C)O,0
P(Br)(Br)Br,0
CCOCCC(OCC)OCC,2
CCCC(C)COC(=O)C,2
O=S(=O)(Cl)Cl,0
C1=CC=C2C(=C1)C=CC(=N2)C3C(=O)C4=CC=CC=C4C3=O,0
CC1=CCC(CC1)C(C)(C)O,0
C=CCN=C=S,2
C=CCSSSCC=C,2
CC(=CCCC(=C)C=C)CCC=C(C)C=O,2
CCOP(=O)(C1=CC=CC=C1)C(=O)C2=C(C=C(C=C2C)C)C,0
C1C(C(OC2=CC(=CC(=C21)O)O)C3=CC(=C(C(=C3)O)O)O)OC(=O)C4=CC(=C(C(=C4)O)O)O,1
CCCCCC=CC=CC(=O)OCCC,0
CC/C(=N\OCC)/C1=C(CC(CC1=O)C2=C(C=C(C=C2C)C)C)O,0
CC(C)(C)CC(C)(C)C1=CC=C(C=C1)OCCO,0
C=CC1=CC=CC=C1,2
O=P(Cl)(Cl)Cl,0
CCC(CC)COC(=O)C,2
CCNCCCNCC,2
CCCC(=O)OC(C)(C)CC1=CC=CC=C1,0
CCOC(=O)CCC1CCCCC1,2
CC=CSC,1
CC1=C(C2=C(CCC(O2)(C)CCCC(C)CCCC(C)CCCC(C)C)C(=C1O)C)C,0
C(#N)C(C(=O)N)(Br)Br,0
CC#CCCO,2
C[C@H]1CC[C@H]2C[C@@H]1C2(C)C,2
COCC=O,1
CC/C(=C/CCC(C)(C=C)O)/C,0
CC(C)[C@@]12CCC(=C)[C@@H]1C2,2
CC/C=C\C/C=C\C/C=C\C/C=C\C/C=C\CCCC(=O)O,0
CC(=C)C(C)(C)O,2
CC1=CC[C@H](CC1)C(C)(C)O,0
CCCCCCCCCCCCC=O,0
C1=CC=C(C=C1)CCCCCO,0
CCOC(=O)/C=C/C,2
C(CN)CNCCNCCCN,0
CCC(=C(C)C)C,1
CCCCC(=O)OCC(C)C,2
CCCCCCCCCCCCCOC(=O)CCSCCC(=O)OCCCCCCCCCCCCC,0
CCOC(CC=C)OCC,2
C1=CO[C@H]([C@H]2[C@@H]1[C@@H](C=C2COC(=O)C3=CC=C(C=C3)O)O)O[C@H]4[C@@H]([C@H]([C@@H]([C@H](O4)CO)O)O)O,0
CCCCC(=O)C(C)C,2
C=CCCCCCCCCO,0
C1CCNC(C1)C2=CN=CC=C2,0
CCC1=CN=C(C=N1)CC,2
CC(C)CCCC(C)(C)O,0
CC/C=C/CC,1
C[C@@H]1CCCC(=O)C1,2
CCCCC/C=C/C,1
C=CCC/C=C/CCC=C,2
CC1CCOC1,1
CCOC1CCCO1,1
CC1=CCC2C(C1)C2(C)C,2
CCC(C)COC(C)OCC(C)CC,1
CC1=CC=C(O1)SC,2
CSC(=O)C1=CC=CO1,0
CCC(=O)C1=CC=CS1,0
CC(=C)C1CCC(O1)(C)C=C,2
CC1=CC=C(O1)C#N,2
CC(C)C1=CC=C(C=C1)C#N,0
CC(=CC/C=C(\C)/C=C)C,2
CCC/C=C/C(=O)OC,2
CCC1=NC=CN=C1,2
CCC1=NC(=CN=C1)C,0
CCC1=NC=C(N=C1C)C,0
CCC(C)N,1
CC/C=C/C(=O)O,0
CCOC(OCC)OC(=O)C,2
CCOC(=O)CC1=CC=C(C=C1)OC,2
CC(=O)CSC,2
CC(C)COC(=O)/C=C\C(=O)OCC(C)C,0
CCCCC(CC)C(OC)OC,2
CC/C=C(\C)/C=O,2
C1=CN=C(C=N1)Cl,2
COC1=NC=CS1,2
C1=CC=C(C=C1)C(=O)C2=CC=NC=C2,0
CC1=CN=C(C(=N1)C)C,2
CCCC/C=C/C,1
CCC/C=C/CC,1
CC(C)CCCC(C)CCCC(C)CCCC(C)CC(=O)O,0
CCC/C=C/CCC,1
C/C=C/C(=O)OC=C,2
C[C@@H](CC(C)C)O,2
CC1=C(C(CCC1)(C)C)/C=C/C(=O)C,0
CCCC(C)C(CC)O,2
CC1(CCC(O1)(C)C)C,1
COC1=CC(=CC=C1)S,0
CCC(COC(=O)C=C)(COC(=O)C=C)COC(=O)C=C,0
CCC1=NC=CS1,2
CCC1=NC(=CS1)C,2
CC1=CSC(=N1)C(C)C,2
CCOC1=NC=CS1,2
CCCCOC(=O)C(C)CC,2
CCC1=NC=CN=C1C,2
CCCC(=O)C(C)CC,2
C(CN(CP(=O)(O)O)CP(=O)(O)O)N(CCN(CP(=O)(O)O)CP(=O)(O)O)CP(=O)(O)O,0
CCCCC(C)CCCC,2
CCCCCC(=C)C,1
CC1=C2C=CNC2=CC=C1,0
CC=C1CC2CC1C=C2,2
CC1=CC(=C(C=C1)CO)C,0
CC(CC(C)(C)C)CO,2
C[C@H](CC(C)C)O,2
CC(=O)OCSC,2
CCCCC(CC)CCC(=O)O,0
CCCC/C=C\CCCCCCCCOC(=O)C,0
CC(C)(CO)[C@H](C(=O)NCCC(=O)NCCSSCCNC(=O)CCNC(=O)[C@@H](C(C)(C)CO)O)O,0
COC1=CC=CS1,2
CC/C=C(\C)/C(=O)O,0
CCC(=O)C(C)S,2
CCO/C=C/C(=O)C(F)(F)F,2
CCOC(=O)CC1=CC=C(C=C1)O,0
CCCCCC(C)CCC,2
CCCCC(C)(CC)CC,2
CC/C=C\1/C2=CC=CC=C2C(=O)O1,0
C[C@H](C(=O)OC)O,2
C[C@@H](CCC=C)O,2
C[C@H](CCC=C)O,2
C[C@H]1CC[C@]2([C@H]([C@H]3[C@@H](O2)C[C@@H]4[C@@]3(CC[C@H]5[C@H]4CC[C@@H]6[C@@]5(CC[C@@H](C6)O[C@H]7[C@@H]([C@H]([C@H]([C@H](O7)CO)O[C@H]8[C@@H]([C@H]([C@@H]([C@H](O8)CO)O)O[C@H]9[C@@H]([C@H]([C@@H](CO9)O)O)O)O[C@H]2[C@@H]([C@H]([C@@H]([C@H](O2)CO)O)O)O)O)O)C)C)C)NC1,0
CC(C)(COCC1CO1)COCC2CO2,0
COC1=CSC=C1,2
CC[Si](C)(O[Si](C)(C)C)O[Si](C)(C)C,2
CC(=C)[C@H]1CCC(=CC1)C=O,0
C=CCCCN=C=S,2
CC(C)(C)C1=CC=C(C=C1)CCC=O,0
CC1([C@H]2CCC(=C)[C@@H]1C2)C,2
CCC/C=C/C(OC)OC,2
CCCCC(=O)OC(C)C,2
CCCCC/C=C/C=C/CO,0
CC1COC(O1)CC(C)C,2
CC(C)CC1=NC=CS1,2
CC1CCC(C1)O,2
CC(=CCC/C(=C/CCC(=C)C=C)/C)C,0
CCCC/C=C/C=O,2
CCCCCC/C=C/C=O,0
CCCCCC1COCCC1OC(=O)C,0
CCC(C)C#N,2
CCCC/C=C/C(=O)O,0
CCOC(C)CO,2
CC/C=C/CCC(=O)C,2
C=CC(C(C(C(F)(F)F)(F)F)(F)F)(F)F,1
CC(C)CCC(=O)C(C)C,2
COC1OCCO1,2
CC/C(=C\C)/C=O,2
C1=CN=C(C=N1)C#N,0
CC1([C@@H]2CCC(=C)[C@H]1C2)C,2
CN(C)CCOC1=CC=C(C=C1)CN,0
CCCCCC#CCC,2
CCOC(=O)C(=O)C(C)C,2
CCCCCCC/C=C\C,2
CC1=CC(=C(C(=C1)OC)C)C,0
CCC(=O)OC(C)(C)C,1
CC1=C(OC(=N1)C)C,2
CC(C)[C@H](C(=O)OC)O,2
CC1([C@@H]([C@@H]1C(=O)O[C@@H](C#N)C2=CC(=CC=C2)OC3=CC=CC=C3)/C=C(/C(F)(F)F)\Cl)C,0
CCCCCCCCCCCC,2
CC(C)(CCOC)S,2
CC1=NC=CN=C1OC(C)C,0
CCO[Si](CCC(C(C(C(C(C(C(C(F)(F)F)(F)F)(F)F)(F)F)(F)F)(F)F)(F)F)(F)F)(OCC)OCC,0
CCCCCC1=CSC=C1,2
CCC(C)C1(COC(OC1)C2CCC(=CC2C)C)C,0
CCCCCCCCCCCCCC(=O)OC,0
CCCCOCCOCCOC(=O)C,0
CC1=C(C(C[C@@H](C1)O)(C)C)/C=C/C(=C/C=C/C(=C/C=C/C=C(\C)/C=C/C=C(\C)/C=C/[C@H]2C(=C[C@@H](CC2(C)C)O)C)/C)/C,0
COC(=O)C1=CC=CC=C1C(=O)OC,0
CC1=C(SC=N1)CCO,0
CC(C)CC(=O)OCCC1=CC=CC=C1,0
CCCCOC(=O)CCC(=O)OCCCC,0
CCCCCC[C@H](C/C=C\CCCCCCCC(=O)O)O,0
CC(=O)NCCO,0
CCCCCCCCCCCCCCCC(=O)OC(C)C,0
CCCCCCCC/C=C\CCCCCCCCO,0
C1CCCCCC2C(O2)CCCC1,0
C12(C3(C(C(C(C1(C(C(C(C2(F)F)(F)F)(F)F)(F)F)F)(F)F)(F)F)(C(C(C(C3(F)F)(F)F)(F)F)(F)F)F)F)F,0
CC(=O)OCC1=CC2=C(C=C1)OCO2,0
C([C@H]([C@H]([C@@H]([C@H](C(=O)O)O)O)O)O)O,0
CC1=CC=C(C=C1)C(C)O,0
CC(=O)C1=CC=CC=C1N,0
CC1=CC(=CC=C1)CO,0
CN1C=CC2=CC=CC=C21,0
C1=CC=C(C=C1)C2=CC(=O)C3=C(O2)C4=CC=CC=C4C=C3,0
COC1=CC=CC=C1C(=O)OC,0
CCCCCCC(=O)OCC(COC(=O)CCCCCC)OC(=O)CCCCCC,0
CCCCCC(=O)OCC(COC(=O)CCCCC)OC(=O)CCCCC,0
COCC(CO)O,0
CCCCCC(=O)OCCC,2
COC(=O)CCCCC(=O)O,0
COC(=O)CCCCC(=O)OC,0
CCCCCCCCCCCCCCCO,0
CC1=CC(=CC=C1)C2=CC=CC=C2,0
CCC1CCC(=O)O1,0
CCCC1CCCC(=O)O1,0
CC1=CC=C(C=C1)CCO,0
CCCCCC1CCCC(=O)O1,0
CCCCCCCC1CCCC(=O)O1,0
CC(=CCCC(=CCCC(=CCCC(=O)C)C)C)C,0
CC(C)C(=O)OC1=C(C=C(C=C1)C=O)OC,0
CCCCC(CC)COC(=O)C1=CC=C(C=C1)N(C)C,0
CCC(C)C(=O)OCCC1=CC=CC=C1,0
CCCCCCOC(=O)CC(CC(=O)OCCCCCC)(C(=O)OCCCCCC)OC(=O)C,0
CC(C)C(C(C)(C)COC(=O)C(C)C)O,0
CCCCCC1=CC=CC(=O)O1,0
CC(C)CCCCCCOC(=O)C1=CC=CC=C1C(=O)OCCCCCCC(C)C,0
C(COCC(COCCO)OCCO)O,0
CCCCCCCCCCCCCCCCCCOC(=O)C(=C)C,0
COC1=C(C(=C(C=C1)/C=C/C(=O)O)OC)OC,0
COC1=CC(=C(C=C1)OC)CO,0
CC/C=C\CCOC(=O)CC(C)C,2
C[C@H](CO)C1=CC=CC=C1,0
CC/C=C/CC1C(CCC1=O)CC(=O)OC,0
CC1=CCC[C@@]2([C@]13CC[C@@H]2C(C3)(C)C)C,0
CC(C)OC(=O)CC1=CC=CC=C1,0
CCC(C)CCCCCCCCCCC(=O)OC,0
COC1=CC2=C(C=C1)N=CC=C2,0
CO[C@@H]1CO[C@H]2[C@@H]1OC[C@@H]2OC,0
CC(=O)CC(=O)OCC1=CC=CC=C1,0
C1=CSC(=C1)CCO,0
CC(C(=O)NCCO)O,0
CCCCCCCC(=O)OCCC1=CC=CC=C1,0
CCCCC(CC)COC(=O)/C=C/C1=CC=C(C=C1)OC,0
COC(=O)CP(=O)(OC)OC,0
CC1=C(C=C(C=C1)C=O)C,0
COC1=CC=C(C=C1)CS,0
CCCCCCOC(=O)CCCCC,0
CCCCC(CC)COC(=O)C1=CC=C(C=C1)C(=O)OCC(CC)CCCC,0
CCCCCCC1(CCC(=O)O1)C,0
CCCCOC(=O)C(C)OC(=O)CCC,0
CC1=C(C(=C(C2=C1OC(CC2)(C)CCCC(C)CCCC(C)CCCC(C)C)C)OC(=O)C)C,0
CCCCOC(=O)C1=CC=CC=C1N,0
CC(C)CCOC(=O)/C=C/C1=CC=CC=C1,0
CC/C=C\CCOC(=O)CC1=CC=CC=C1,0
CC/C=C\CCOC(=O)C(C)O,0
COCCC(=O)CC(=O)OC,0
CO[Si](C)(C)C1=CC=CC=C1,0
C[Si](C)(C)O[Si](C)(C)O[Si](C)(C)C,0
CC/C=C\CCOC(=O)/C=C/C,0
CC/C=C\CCOC(=O)/C(=C/C)/C,0
C([C@H]([C@H]([C@@H]([C@H](CO)O)O)O)O)O,0
CN(CC(=O)O)C(=N)N,0
C([C@H]([C@@H]([C@@H]([C@H](C=O)O)O)O)O)O,0
CCC(CC)(C(=O)OCC)C(=O)OCC,0
CCCCOC(=O)CC(CC(=O)OCCCC)(C(=O)OCCCC)OC(=O)C,0
CCCCOCCOP(=O)(OCCOCCCC)OCCOCCCC,0
CC1=CCCC(C1/C=C/C(=O)CCC=C)(C)C,0
CC(C)(CO)[C@H](C(=O)NCCCO)O,0
CCOC(=O)C1=CC=CC=C1N,0
CCC(C)C1=CC=CC=C1O,0
CC1=CC(=C(C=C1)C(=O)C)C,0
CCC(=O)C1=CC=CC=C1,0
CCOC(=O)C1=CC=C(C=C1)OC,0
CC(C)CCOC(=O)C1=CC=CC=C1,0
C1COC(O1)CC2=CC=CC=C2,0
C1=CC=C(C=C1)CC(=O)OCC2=CC=CC=C2,0
CC(C)CCOC(=O)CC1=CC=CC=C1,0
CC(C)C(=O)OCC1=CC=CC=C1,2
CCOC(=O)/C=C/C1=CC=CC=C1,0
CCCC(=O)OCC1=CC=CC=C1,0
CC(C)C(=O)OCCC1=CC=CC=C1,0
CCCC(=O)OCCC1=CC=CC=C1,0
CC(C)C(=O)OC/C=C/C1=CC=CC=C1,0
CCCC(=O)OC/C=C/C1=CC=CC=C1,0
CC(=O)CCC1=CC=C(C=C1)OC,0
CC(=O)OCC1=CC=C(C=C1)OC,0
CCCCC1CCC(=O)O1,0
CCCC1CCC(=O)O1,0
CC(=CCC/C(=C/COC=O)/C)C,0
CCC(=O)OC/C=C(\C)/CCC=C(C)C,0
C1CCCCCC(=O)OCCOC(=O)CCCCC1,0
CCCCCCCCOC(=O)C(C)C,0
CC(C)CC(=O)OC/C=C(\C)/CCC=C(C)C,0
CCCCCCCCCCCCCC(=O)OC(C)C,0
CC(C)CCCC(C)CCCC(C)CCCCC(C)CCCC(C)CCCC(C)C,0
CCCCCCCC/C=C\CCCCCCCC(=O)OCC,0
CCCCCCCCCCOC(=O)C,0
C(COCCOCCO)O,0
CCCCC/C=C\C/C=C\CCCCCCCC(=O)OC,0
CCCCCCCC/C=C\CCCCCCCC(=O)O,0
CC(=O)CO,2
CCCCC(CC)COC(=O)C1=CC=CC=C1O,0
CC(=O)C1=CC=CC=C1O,0
CC1=CC(=CC2=C1O[C@](CC2)(C)CCC[C@H](C)CCC[C@H](C)CCCC(C)C)O,0
CCC(=O)OC(C)C1=CC=CC=C1,0
CC(C)COC(=O)C1=CC=CC=C1,0
C1=CC=C(C=C1)C(=O)OCCOCCOC(=O)C2=CC=CC=C2,0
CC1=NC2=CC=CC=C2S1,0
CC1=CC(=CC=C1)OC(=O)C,0
CC(=O)CCC1=CC(=C(C=C1)O)OC,0
CCC(=O)OCCC1=CC=CC=C1,0
CC(=O)CC1=CC=C(C=C1)OC,0
COC1=CC=C(C=C1)C=O,0
CCCCOCC1=CC(=C(C=C1)O)OC,0
CC1(SC(SC(S1)(C)C)(C)C)C,0
C/C=C\CCCO,2
CCC/C=C\CO,2
C(CCS)CCS,0
CCCCCCCCCCCCCOC(=O)C,0
CCOC(=O)CC(C(=O)C)C(=O)OCC,0
COC(=O)CCCC(=O)OC,0
CC(=O)C1=CC=NC=C1,0
CSC[C@@H](C(=O)O)N,0
CC/C=C\C/C=C\C/C=C\CCCCCCCC(=O)OCC,0
CC1=CC=C(C=C1)C(C)(C)O,0
CCCCCCC(CCOC(=O)C)O,0
CCCCCCCCCCCC(=O)OCC([C@@H]1[C@@H]([C@H](CO1)O)O)O,0
CCCCCCCC/C=C\CCCCCCCC(=O)OC[C@H]([C@@H]1[C@@H]([C@H](CO1)O)O)O,0
CCCCN1C(=O)C2=CC=CC=C2C1=O,0
CCOC(=O)C(=O)C1=CC=CC=C1,0
CC1=CC(=C(C(=C1)C)C(=O)C)C,0
COC(=O)CCCCCCC(=O)OC,0
CC1=CC(=CC=C1)CCO,0
CCOC(=O)CCC1=CC=CC=C1,0
CCOC1=C(C=C(C=C1)C=O)OCC,0
CC(CO)CO,0
COC1=CC=C(C=C1)C(OC)OC,0
COC1=CC=CC2=CC=CC=C21,0
CCCCC/C=C\C/C=C\CCCCCCCC(=O)OCC(CO)O,0
CCCCCCCCOC(=O)CCCCCCC,0
CCCOC(=O)C1=CC=CC=C1,0
CC(CCC1=CC=CC=C1)O,0
CCOC(=O)C1=CC=CC=N1,0
CC(=O)CCC1=CC=CC=C1,0
CCC(=O)O[C@@H]1C[C@H]2CC[C@@]1(C2(C)C)C,0
CC1=NC=CN=C1SC,0
C1=CC=C(C=C1)CCCCO,0
CC(C)(C)C1=CC=C(C=C1)CC(=O)OC,0
C/C=C(\C)/C(=O)OC/C=C(\C)/CCC=C(C)C,0
CCOCC1C(C(C(C(O1)OC)OCC)OCC)OC2C(C(C(C(O2)CO)OC)O)O,0
CCCCCCCCCCCC(=O)OCCO,0
CCCCCCCCCCCC(=O)OCCOCC(C1C(C(CO1)OCCO)OCCO)OCCO,0
CCCCCCCCC=CCCCCCCCC(=O)OCCOCC(C1C(C(CO1)OCCO)OCCO)OCCO,0
CCCCCCCCCCC(C)O,0
COC(=O)CSC,2
CCCCCCOC(=O)/C(=C/C)/C,0
CCCC1=NC=CS1,2
C[C@@H](CO)C1=CC=CC=C1,0
CC1=CC=CC=C1CCO,0
CC1CCC2C13CCC(C(C3)C2(C)C)(C)OC,0
CCCC(=O)OCCC1=C(N=CS1)C,0
CCCCCC(=O)OCCC1=C(N=CS1)C,0
